{"cameraMode":{"drawMode":0,"name":"Shaded","section":"Shading Mode"},"sceneLighting":true,"audioPlay":false,"sceneViewState":{"m_AlwaysRefresh":false,"showFog":true,"showSkybox":false,"showFlares":true,"showImageEffects":false,"showParticleSystems":true,"showVisualEffectGraphs":true,"m_FxEnabled":true},"in2DMode":false,"pivot":{"x":2.3883092403411867,"y":-1.2644059658050538,"z":9.200679779052735},"rotation":{"x":0.11835279315710068,"y":0.053586047142744067,"z":-0.006403876002877951,"w":0.9914620518684387},"size":6.774261951446533,"orthographic":false}