{"cameraMode":{"drawMode":0,"name":"Shaded","section":"Shading Mode"},"sceneLighting":true,"audioPlay":false,"sceneViewState":{"showFog":true,"showMaterialUpdate":true,"showSkybox":false,"showFlares":true,"showImageEffects":true,"showParticleSystems":true},"in2DMode":false,"pivot":{"x":9.61699390411377,"y":-3.2507476806640627,"z":15.620687484741211},"rotation":{"x":0.10719863325357437,"y":0.29507505893707278,"z":-0.033336736261844638,"w":0.9488551020622253},"size":22.0,"orthographic":false}