{"cameraMode":{"drawMode":0,"name":"Shaded","section":"Shading Mode"},"sceneLighting":true,"audioPlay":false,"sceneViewState":{"showFog":true,"showMaterialUpdate":true,"showSkybox":false,"showFlares":true,"showImageEffects":true,"showParticleSystems":true},"in2DMode":false,"pivot":{"x":15.278665542602539,"y":2.403714418411255,"z":-1.7975807189941407},"rotation":{"x":0.11006239056587219,"y":0.2085876166820526,"z":-0.02363119274377823,"w":0.9715055227279663},"size":10.0,"orthographic":false}