{"cameraMode":{"drawMode":0,"name":"Shaded","section":"Shading Mode"},"sceneLighting":true,"audioPlay":false,"sceneViewState":{"showFog":true,"showMaterialUpdate":true,"showSkybox":false,"showFlares":true,"showImageEffects":true,"showParticleSystems":true},"in2DMode":false,"pivot":{"x":53.737884521484378,"y":2.894740104675293,"z":0.2980203628540039},"rotation":{"x":0.04674721509218216,"y":-0.04344373196363449,"z":0.0020350967533886434,"w":0.9979407787322998},"size":10.0,"orthographic":false}