{"cameraMode":{"drawMode":0,"name":"Shaded","section":"Shading Mode"},"sceneLighting":true,"audioPlay":false,"sceneViewState":{"showFog":true,"showMaterialUpdate":true,"showSkybox":false,"showFlares":true,"showImageEffects":true,"showParticleSystems":true},"in2DMode":false,"pivot":{"x":61.8281135559082,"y":-0.6087214946746826,"z":7.202647686004639},"rotation":{"x":0.10382453352212906,"y":0.26438355445861819,"z":-0.029073333367705346,"w":0.9586369395256043},"size":15.83517837524414,"orthographic":false}