{"cameraMode":{"drawMode":0,"name":"Shaded","section":"Shading Mode"},"sceneLighting":true,"audioPlay":false,"sceneViewState":{"showFog":true,"showMaterialUpdate":true,"showSkybox":false,"showFlares":true,"showImageEffects":false,"showParticleSystems":true},"in2DMode":false,"pivot":{"x":76.1394271850586,"y":1.092968225479126,"z":18.10193634033203},"rotation":{"x":-0.007485598791390657,"y":0.06146413832902908,"z":0.0004943990497849882,"w":0.9981502890586853},"size":22.650821685791017,"orthographic":false}