{"cameraMode":{"drawMode":0,"name":"Shaded","section":"Shading Mode"},"sceneLighting":true,"audioPlay":false,"sceneViewState":{"showFog":true,"showMaterialUpdate":true,"showSkybox":false,"showFlares":true,"showImageEffects":true,"showParticleSystems":true},"in2DMode":false,"pivot":{"x":12.911073684692383,"y":-0.7335331439971924,"z":16.43610954284668},"rotation":{"x":0.08816391229629517,"y":0.07166612893342972,"z":-0.006310717668384314,"w":0.9935801029205322},"size":22.650821685791017,"orthographic":false}