{"cameraMode":{"drawMode":0,"name":"Shaded","section":"Shading Mode"},"sceneLighting":true,"audioPlay":false,"sceneViewState":{"showFog":true,"showMaterialUpdate":true,"showSkybox":false,"showFlares":true,"showImageEffects":false,"showParticleSystems":true},"in2DMode":false,"pivot":{"x":60.131229400634769,"y":-0.7493255138397217,"z":11.226198196411133},"rotation":{"x":0.08384556323289871,"y":0.03797844424843788,"z":-0.0036151367239654066,"w":0.9960015416145325},"size":15.83517837524414,"orthographic":false}